n_train,cross_entropy,f1,seed,experiment,test_acc,n_test,value,train_time,dataset,method,n_params
20,0.40019794823197596,0.8398398398398399,0,01_xor_2d_low_data,0.84375,32,,9.962466716766357,xor_2d,qifm,31
20,,,0,01_xor_2d_low_data,0.53125,32,,,xor_2d,logreg,3
20,,,0,01_xor_2d_low_data,0.71875,32,,,xor_2d,mlp,17
20,,,0,01_xor_2d_low_data,0.875,32,,,xor_2d,rbf_svm,55
20,,,0,01_xor_2d_low_data,0.78125,32,,,xor_2d,rff,97
20,2.580867686594652,0.718475073313783,1,01_xor_2d_low_data,0.71875,32,,9.880566120147705,xor_2d,qifm,31
20,,,1,01_xor_2d_low_data,0.46875,32,,,xor_2d,logreg,3
20,,,1,01_xor_2d_low_data,0.84375,32,,,xor_2d,mlp,17
20,,,1,01_xor_2d_low_data,0.84375,32,,,xor_2d,rbf_svm,40
20,,,1,01_xor_2d_low_data,0.75,32,,,xor_2d,rff,97
32,1.727464628742456,0.9333333333333333,0,02_xor_4d_parity,0.9375,32,,16.309566020965576,parity_4d,qifm,31
32,,,0,02_xor_4d_parity,0.625,32,,,parity_4d,logreg,5
32,,,0,02_xor_4d_parity,0.625,32,,,parity_4d,mlp,25
32,,,0,02_xor_4d_parity,0.71875,32,,,parity_4d,rbf_svm,146
32,,,0,02_xor_4d_parity,0.8125,32,,,parity_4d,rff,97
32,1.8197282934795345,0.875,1,02_xor_4d_parity,0.875,32,,15.829805135726929,parity_4d,qifm,31
32,,,1,02_xor_4d_parity,0.46875,32,,,parity_4d,logreg,5
32,,,1,02_xor_4d_parity,0.59375,32,,,parity_4d,mlp,25
32,,,1,02_xor_4d_parity,0.6875,32,,,parity_4d,rbf_svm,121
32,,,1,02_xor_4d_parity,0.78125,32,,,parity_4d,rff,97
20,2.197329520827178,0.75,0,03_two_moons_20,0.75,32,,10.132398843765259,two_moons,qifm,31
20,,,0,03_two_moons_20,0.8125,32,,,two_moons,logreg,3
20,,,0,03_two_moons_20,0.84375,32,,,two_moons,mlp,17
20,,,0,03_two_moons_20,0.90625,32,,,two_moons,rbf_svm,43
20,,,0,03_two_moons_20,0.84375,32,,,two_moons,rff,97
20,0.474293084328317,0.906158357771261,1,03_two_moons_20,0.90625,32,,9.892127990722656,two_moons,qifm,31
20,,,1,03_two_moons_20,0.875,32,,,two_moons,logreg,3
20,,,1,03_two_moons_20,0.875,32,,,two_moons,mlp,17
20,,,1,03_two_moons_20,0.875,32,,,two_moons,rbf_svm,37
20,,,1,03_two_moons_20,0.8125,32,,,two_moons,rff,97
32,0.01311563551454857,1.0,0,04_two_moons_100,1.0,32,,15.727092981338501,two_moons,qifm,31
32,,,0,04_two_moons_100,0.90625,32,,,two_moons,logreg,3
32,,,0,04_two_moons_100,0.875,32,,,two_moons,mlp,17
32,,,0,04_two_moons_100,0.96875,32,,,two_moons,rbf_svm,55
32,,,0,04_two_moons_100,0.96875,32,,,two_moons,rff,97
32,0.9869216609930782,0.906158357771261,1,04_two_moons_100,0.90625,32,,15.724935293197632,two_moons,qifm,31
32,,,1,04_two_moons_100,0.875,32,,,two_moons,logreg,3
32,,,1,04_two_moons_100,0.875,32,,,two_moons,mlp,17
32,,,1,04_two_moons_100,0.875,32,,,two_moons,rbf_svm,49
32,,,1,04_two_moons_100,0.75,32,,,two_moons,rff,97
32,1.2800529330846477,0.7793103448275862,0,05_circles,0.78125,32,,15.640066146850586,circles,qifm,31
32,,,0,05_circles,0.625,32,,,circles,logreg,3
32,,,0,05_circles,0.5,32,,,circles,mlp,17
32,,,0,05_circles,1.0,32,,,circles,rbf_svm,55
32,,,0,05_circles,0.90625,32,,,circles,rff,97
32,0.5094660448899511,0.6532019704433498,1,05_circles,0.65625,32,,15.665303230285645,circles,qifm,31
32,,,1,05_circles,0.5625,32,,,circles,logreg,3
32,,,1,05_circles,0.625,32,,,circles,mlp,17
32,,,1,05_circles,1.0,32,,,circles,rbf_svm,58
32,,,1,05_circles,0.96875,32,,,circles,rff,97
32,1.0255244433966528,0.45893719806763283,0,06_spiral,0.5625,32,,15.74868392944336,spiral,qifm,31
32,,,0,06_spiral,0.4375,32,,,spiral,logreg,3
32,,,0,06_spiral,0.34375,32,,,spiral,mlp,17
32,,,0,06_spiral,0.5,32,,,spiral,rbf_svm,76
32,,,0,06_spiral,0.5625,32,,,spiral,rff,97
32,1.1088423638833054,0.6532019704433498,1,06_spiral,0.65625,32,,15.662216901779175,spiral,qifm,31
32,,,1,06_spiral,0.65625,32,,,spiral,logreg,3
32,,,1,06_spiral,0.5,32,,,spiral,mlp,17
32,,,1,06_spiral,0.65625,32,,,spiral,rbf_svm,91
32,,,1,06_spiral,0.71875,32,,,spiral,rff,97
32,0.895065883358511,0.7046153846153846,0,07_checkerboard,0.71875,32,,15.783131837844849,checkerboard,qifm,31
32,,,0,07_checkerboard,0.65625,32,,,checkerboard,logreg,3
32,,,0,07_checkerboard,0.625,32,,,checkerboard,mlp,17
32,,,0,07_checkerboard,0.65625,32,,,checkerboard,rbf_svm,76
32,,,0,07_checkerboard,0.71875,32,,,checkerboard,rff,97
32,2.129185372249489,0.530791788856305,1,07_checkerboard,0.53125,32,,15.700030088424683,checkerboard,qifm,31
32,,,1,07_checkerboard,0.625,32,,,checkerboard,logreg,3
32,,,1,07_checkerboard,0.59375,32,,,checkerboard,mlp,17
32,,,1,07_checkerboard,0.59375,32,,,checkerboard,rbf_svm,91
32,,,1,07_checkerboard,0.59375,32,,,checkerboard,rff,97
32,1.2846486299276955e-06,1.0,0,08_gaussian_mixture,1.0,32,,13.718974828720093,gaussian_mixture,qifm,31
32,,,0,08_gaussian_mixture,0.65625,32,,,gaussian_mixture,logreg,3
32,,,0,08_gaussian_mixture,0.65625,32,,,gaussian_mixture,mlp,17
32,,,0,08_gaussian_mixture,1.0,32,,,gaussian_mixture,rbf_svm,31
32,,,0,08_gaussian_mixture,1.0,32,,,gaussian_mixture,rff,97
32,0.00010791187341661112,1.0,1,08_gaussian_mixture,1.0,32,,11.727499008178711,gaussian_mixture,qifm,31
32,,,1,08_gaussian_mixture,0.75,32,,,gaussian_mixture,logreg,3
32,,,1,08_gaussian_mixture,1.0,32,,,gaussian_mixture,mlp,17
32,,,1,08_gaussian_mixture,1.0,32,,,gaussian_mixture,rbf_svm,28
32,,,1,08_gaussian_mixture,1.0,32,,,gaussian_mixture,rff,97
32,0.9932581817723221,0.4980392156862745,0,09_fourier_labels,0.5,32,,15.936740159988403,fourier_labels,qifm,31
32,,,0,09_fourier_labels,0.5,32,,,fourier_labels,logreg,3
32,,,0,09_fourier_labels,0.5,32,,,fourier_labels,mlp,17
32,,,0,09_fourier_labels,0.53125,32,,,fourier_labels,rbf_svm,88
32,,,0,09_fourier_labels,0.5,32,,,fourier_labels,rff,97
32,1.2600001897214774,0.45893719806763283,1,09_fourier_labels,0.5625,32,,15.646014928817749,fourier_labels,qifm,31
32,,,1,09_fourier_labels,0.625,32,,,fourier_labels,logreg,3
32,,,1,09_fourier_labels,0.59375,32,,,fourier_labels,mlp,17
32,,,1,09_fourier_labels,0.625,32,,,fourier_labels,rbf_svm,94
32,,,1,09_fourier_labels,0.625,32,,,fourier_labels,rff,97
,,,,10_sparse_signal,,,"matmul: Input operand 1 has a mismatch in its core dimension 0, with gufunc signature (n?,k),(k,m?)->(n?,m?) (size 8 is different from 4)",,,ERROR,
32,0.06313695667808589,0.9687194525904204,0,11_qifm_phase_only,0.96875,32,,14.275382041931152,two_moons,qifm,31
32,,,0,11_qifm_phase_only,0.9375,32,,,two_moons,logreg,3
32,,,0,11_qifm_phase_only,0.78125,32,,,two_moons,mlp,17
32,,,0,11_qifm_phase_only,0.9375,32,,,two_moons,rbf_svm,58
32,,,0,11_qifm_phase_only,0.96875,32,,,two_moons,rff,97
32,0.05461107060231265,1.0,1,11_qifm_phase_only,1.0,32,,14.575313091278076,two_moons,qifm,31
32,,,1,11_qifm_phase_only,0.8125,32,,,two_moons,logreg,3
32,,,1,11_qifm_phase_only,0.90625,32,,,two_moons,mlp,17
32,,,1,11_qifm_phase_only,1.0,32,,,two_moons,rbf_svm,52
32,,,1,11_qifm_phase_only,0.84375,32,,,two_moons,rff,97
32,0.13857056209766366,0.9687194525904204,0,12_qifm_amp_only,0.96875,32,,12.497731924057007,two_moons,qifm,31
32,,,0,12_qifm_amp_only,0.9375,32,,,two_moons,logreg,3
32,,,0,12_qifm_amp_only,0.78125,32,,,two_moons,mlp,17
32,,,0,12_qifm_amp_only,0.9375,32,,,two_moons,rbf_svm,58
32,,,0,12_qifm_amp_only,0.96875,32,,,two_moons,rff,97
32,0.30555047935758656,0.9671794871794872,1,12_qifm_amp_only,0.96875,32,,12.477473974227905,two_moons,qifm,31
32,,,1,12_qifm_amp_only,0.8125,32,,,two_moons,logreg,3
32,,,1,12_qifm_amp_only,0.90625,32,,,two_moons,mlp,17
32,,,1,12_qifm_amp_only,1.0,32,,,two_moons,rbf_svm,52
32,,,1,12_qifm_amp_only,0.84375,32,,,two_moons,rff,97
32,0.21970197837567357,0.9687194525904204,0,13_qifm_hybrid_enc,0.96875,32,,16.61445903778076,two_moons,qifm,31
32,,,0,13_qifm_hybrid_enc,0.9375,32,,,two_moons,logreg,3
32,,,0,13_qifm_hybrid_enc,0.78125,32,,,two_moons,mlp,17
32,,,0,13_qifm_hybrid_enc,0.9375,32,,,two_moons,rbf_svm,58
32,,,0,13_qifm_hybrid_enc,0.96875,32,,,two_moons,rff,97
32,0.4942496840273295,0.75,1,13_qifm_hybrid_enc,0.75,32,,15.968982934951782,two_moons,qifm,31
32,,,1,13_qifm_hybrid_enc,0.8125,32,,,two_moons,logreg,3
32,,,1,13_qifm_hybrid_enc,0.90625,32,,,two_moons,mlp,17
32,,,1,13_qifm_hybrid_enc,1.0,32,,,two_moons,rbf_svm,52
32,,,1,13_qifm_hybrid_enc,0.84375,32,,,two_moons,rff,97
32,3.6726657909395124,0.7408906882591093,0,14_qifm_no_hopping,0.75,32,,14.006388902664185,checkerboard,qifm,28
32,,,0,14_qifm_no_hopping,0.65625,32,,,checkerboard,logreg,3
32,,,0,14_qifm_no_hopping,0.625,32,,,checkerboard,mlp,17
32,,,0,14_qifm_no_hopping,0.65625,32,,,checkerboard,rbf_svm,76
32,,,0,14_qifm_no_hopping,0.71875,32,,,checkerboard,rff,97
32,0.9605101546912707,0.5933528836754643,1,14_qifm_no_hopping,0.59375,32,,14.016587018966675,checkerboard,qifm,28
32,,,1,14_qifm_no_hopping,0.625,32,,,checkerboard,logreg,3
32,,,1,14_qifm_no_hopping,0.59375,32,,,checkerboard,mlp,17
32,,,1,14_qifm_no_hopping,0.59375,32,,,checkerboard,rbf_svm,91
32,,,1,14_qifm_no_hopping,0.59375,32,,,checkerboard,rff,97
32,0.9649490220039718,0.8745098039215686,0,15_qifm_no_entanglement,0.875,32,,15.04688572883606,two_moons,qifm,30
32,,,0,15_qifm_no_entanglement,0.9375,32,,,two_moons,logreg,3
32,,,0,15_qifm_no_entanglement,0.78125,32,,,two_moons,mlp,17
32,,,0,15_qifm_no_entanglement,0.9375,32,,,two_moons,rbf_svm,58
32,,,0,15_qifm_no_entanglement,0.96875,32,,,two_moons,rff,97
32,0.19385532714353323,0.9671794871794872,1,15_qifm_no_entanglement,0.96875,32,,15.06486201286316,two_moons,qifm,30
32,,,1,15_qifm_no_entanglement,0.8125,32,,,two_moons,logreg,3
32,,,1,15_qifm_no_entanglement,0.90625,32,,,two_moons,mlp,17
32,,,1,15_qifm_no_entanglement,1.0,32,,,two_moons,rbf_svm,52
32,,,1,15_qifm_no_entanglement,0.84375,32,,,two_moons,rff,97
32,0.21970197837567357,0.9687194525904204,0,16_qifm_with_data_potential,0.96875,32,,16.68220806121826,two_moons,qifm,31
32,,,0,16_qifm_with_data_potential,0.9375,32,,,two_moons,logreg,3
32,,,0,16_qifm_with_data_potential,0.78125,32,,,two_moons,mlp,17
32,,,0,16_qifm_with_data_potential,0.9375,32,,,two_moons,rbf_svm,58
32,,,0,16_qifm_with_data_potential,0.96875,32,,,two_moons,rff,97
32,0.4942496840273295,0.75,1,16_qifm_with_data_potential,0.75,32,,16.034117937088013,two_moons,qifm,31
32,,,1,16_qifm_with_data_potential,0.8125,32,,,two_moons,logreg,3
32,,,1,16_qifm_with_data_potential,0.90625,32,,,two_moons,mlp,17
32,,,1,16_qifm_with_data_potential,1.0,32,,,two_moons,rbf_svm,52
32,,,1,16_qifm_with_data_potential,0.84375,32,,,two_moons,rff,97
32,0.3802495662756161,0.8423645320197044,0,17_qifm_fixed_projectors,0.84375,32,,7.413188219070435,two_moons,qifm,15
32,,,0,17_qifm_fixed_projectors,0.9375,32,,,two_moons,logreg,3
32,,,0,17_qifm_fixed_projectors,0.78125,32,,,two_moons,mlp,17
32,,,0,17_qifm_fixed_projectors,0.9375,32,,,two_moons,rbf_svm,58
32,,,0,17_qifm_fixed_projectors,0.96875,32,,,two_moons,rff,97
32,0.25523179142091196,0.8423645320197044,1,17_qifm_fixed_projectors,0.84375,32,,7.473225116729736,two_moons,qifm,15
32,,,1,17_qifm_fixed_projectors,0.8125,32,,,two_moons,logreg,3
32,,,1,17_qifm_fixed_projectors,0.90625,32,,,two_moons,mlp,17
32,,,1,17_qifm_fixed_projectors,1.0,32,,,two_moons,rbf_svm,52
32,,,1,17_qifm_fixed_projectors,0.84375,32,,,two_moons,rff,97
32,0.21970197837567357,0.9687194525904204,0,18_qifm_trainable_observables,0.96875,32,,16.59408402442932,two_moons,qifm,31
32,,,0,18_qifm_trainable_observables,0.9375,32,,,two_moons,logreg,3
32,,,0,18_qifm_trainable_observables,0.78125,32,,,two_moons,mlp,17
32,,,0,18_qifm_trainable_observables,0.9375,32,,,two_moons,rbf_svm,58
32,,,0,18_qifm_trainable_observables,0.96875,32,,,two_moons,rff,97
32,0.4942496840273295,0.75,1,18_qifm_trainable_observables,0.75,32,,16.021172046661377,two_moons,qifm,31
32,,,1,18_qifm_trainable_observables,0.8125,32,,,two_moons,logreg,3
32,,,1,18_qifm_trainable_observables,0.90625,32,,,two_moons,mlp,17
32,,,1,18_qifm_trainable_observables,1.0,32,,,two_moons,rbf_svm,52
32,,,1,18_qifm_trainable_observables,0.84375,32,,,two_moons,rff,97
32,0.21970197837567357,0.9687194525904204,0,19_qifm_vs_tiny_mlp,0.96875,32,,16.573238849639893,two_moons,qifm,31
32,,,0,19_qifm_vs_tiny_mlp,0.78125,32,,,two_moons,mlp,17
32,0.4942496840273295,0.75,1,19_qifm_vs_tiny_mlp,0.75,32,,15.949450016021729,two_moons,qifm,31
32,,,1,19_qifm_vs_tiny_mlp,0.90625,32,,,two_moons,mlp,17
32,1.2800529330846477,0.7793103448275862,0,20_qifm_vs_rbf_rff,0.78125,32,,15.590814113616943,circles,qifm,31
32,,,0,20_qifm_vs_rbf_rff,1.0,32,,,circles,rbf_svm,55
32,,,0,20_qifm_vs_rbf_rff,0.90625,32,,,circles,rff,97
32,0.5094660448899511,0.6532019704433498,1,20_qifm_vs_rbf_rff,0.65625,32,,15.684595108032227,circles,qifm,31
32,,,1,20_qifm_vs_rbf_rff,1.0,32,,,circles,rbf_svm,58
32,,,1,20_qifm_vs_rbf_rff,0.96875,32,,,circles,rff,97
32,0.5937268038705041,0.7810361681329423,0,21_noise_robustness,0.78125,32,,15.593929052352905,two_moons,qifm,31
32,,,0,21_noise_robustness,0.875,32,,,two_moons,logreg,3
32,,,0,21_noise_robustness,0.71875,32,,,two_moons,mlp,17
32,,,0,21_noise_robustness,0.90625,32,,,two_moons,rbf_svm,61
32,,,0,21_noise_robustness,0.90625,32,,,two_moons,rff,97
32,0.4849049996654988,0.8398398398398399,1,21_noise_robustness,0.84375,32,,15.67322325706482,two_moons,qifm,31
32,,,1,21_noise_robustness,0.78125,32,,,two_moons,logreg,3
32,,,1,21_noise_robustness,0.90625,32,,,two_moons,mlp,17
32,,,1,21_noise_robustness,0.875,32,,,two_moons,rbf_svm,61
32,,,1,21_noise_robustness,0.75,32,,,two_moons,rff,97
16,0.70128323654399,0.9039039039039038,0,22_low_data_sweep,0.90625,32,,7.916591167449951,circles,qifm,31
16,,,0,22_low_data_sweep,0.3125,32,,,circles,logreg,3
16,,,0,22_low_data_sweep,0.375,32,,,circles,mlp,17
16,,,0,22_low_data_sweep,1.0,32,,,circles,rbf_svm,40
16,,,0,22_low_data_sweep,0.75,32,,,circles,rff,97
16,0.34872479638096227,0.8358974358974359,1,22_low_data_sweep,0.84375,32,,7.950421094894409,circles,qifm,31
16,,,1,22_low_data_sweep,0.59375,32,,,circles,logreg,3
16,,,1,22_low_data_sweep,0.65625,32,,,circles,mlp,17
16,,,1,22_low_data_sweep,0.96875,32,,,circles,rbf_svm,34
16,,,1,22_low_data_sweep,0.75,32,,,circles,rff,97
32,0.9649490220039718,0.8745098039215686,0,23_param_count_sweep,0.875,32,,16.601626873016357,two_moons,qifm,30
32,,,0,23_param_count_sweep,0.9375,32,,,two_moons,logreg,3
32,,,0,23_param_count_sweep,0.78125,32,,,two_moons,mlp,17
32,,,0,23_param_count_sweep,0.9375,32,,,two_moons,rbf_svm,58
32,,,0,23_param_count_sweep,0.96875,32,,,two_moons,rff,97
32,0.19385532714353323,0.9671794871794872,1,23_param_count_sweep,0.96875,32,,16.24312114715576,two_moons,qifm,30
32,,,1,23_param_count_sweep,0.8125,32,,,two_moons,logreg,3
32,,,1,23_param_count_sweep,0.90625,32,,,two_moons,mlp,17
32,,,1,23_param_count_sweep,1.0,32,,,two_moons,rbf_svm,52
32,,,1,23_param_count_sweep,0.84375,32,,,two_moons,rff,97
32,1.0255244433966528,0.45893719806763283,0,24_more_iterations,0.5625,32,,17.595802783966064,spiral,qifm,31
32,,,0,24_more_iterations,0.4375,32,,,spiral,logreg,3
32,,,0,24_more_iterations,0.34375,32,,,spiral,mlp,17
32,,,0,24_more_iterations,0.5,32,,,spiral,rbf_svm,76
32,,,0,24_more_iterations,0.5625,32,,,spiral,rff,97
32,1.1088423638833054,0.6532019704433498,1,24_more_iterations,0.65625,32,,16.816869735717773,spiral,qifm,31
32,,,1,24_more_iterations,0.65625,32,,,spiral,logreg,3
32,,,1,24_more_iterations,0.5,32,,,spiral,mlp,17
32,,,1,24_more_iterations,0.65625,32,,,spiral,rbf_svm,91
32,,,1,24_more_iterations,0.71875,32,,,spiral,rff,97
